Date,Year,Month,State,Vehicle_Category,EV_Sales,Quarter,Month_Name,Year_Month,Lag_1,Lag_2,Lag_3,Rolling_3,Rolling_STD_3,MoM_Growth
2021-01-01,2021,1,Delhi,Electric 2W,2300,1,January,2021-01,0.0,0.0,0.0,0.0,0.0,0.0
2021-02-01,2021,2,Delhi,Electric 2W,2450,1,February,2021-02,2300.0,0.0,0.0,0.0,0.0,6.521739130434789
2021-03-01,2021,3,Delhi,Electric 2W,2860,1,March,2021-03,2450.0,2300.0,0.0,2536.6666666666665,289.88503468329196,16.73469387755102
2021-04-01,2021,4,Delhi,Electric 2W,2700,2,April,2021-04,2860.0,2450.0,2300.0,2670.0,206.6397831977184,-5.594405594405593
2021-05-01,2021,5,Delhi,Electric 2W,3020,2,May,2021-05,2700.0,2860.0,2450.0,2860.0,160.0000000000002,11.851851851851848
2021-06-01,2021,6,Delhi,Electric 2W,3250,2,June,2021-06,3020.0,2700.0,2860.0,2990.0,276.2245463386628,7.615894039735105
2021-07-01,2021,7,Delhi,Electric 2W,3400,3,July,2021-07,3250.0,3020.0,2700.0,3223.3333333333335,191.39836293274132,4.615384615384621
2021-08-01,2021,8,Delhi,Electric 2W,3620,3,August,2021-08,3400.0,3250.0,3020.0,3423.3333333333335,186.10033136277144,6.470588235294117
2021-09-01,2021,9,Delhi,Electric 2W,3890,3,September,2021-09,3620.0,3400.0,3250.0,3636.6666666666665,245.4248017893329,7.458563535911611
2021-10-01,2021,10,Delhi,Electric 2W,4350,4,October,2021-10,3890.0,3620.0,3400.0,3953.3333333333335,369.09799963334035,11.825192802056561
2021-11-01,2021,11,Delhi,Electric 2W,4720,4,November,2021-11,4350.0,3890.0,3620.0,4320.0,415.81245772583577,8.505747126436791
2021-12-01,2021,12,Delhi,Electric 2W,5000,4,December,2021-12,4720.0,4350.0,3890.0,4690.0,326.03680773802205,5.932203389830515
2022-01-01,2022,1,Delhi,Electric 2W,4200,1,January,2022-01,5000.0,4720.0,4350.0,4640.0,405.9556626036887,-16.000000000000004
2022-02-01,2022,2,Delhi,Electric 2W,4450,1,February,2022-02,4200.0,5000.0,4720.0,4550.0,409.26763859362245,5.952380952380953
2022-03-01,2022,3,Delhi,Electric 2W,5050,1,March,2022-03,4450.0,4200.0,5000.0,4566.666666666667,436.844747402705,13.483146067415742
2022-04-01,2022,4,Delhi,Electric 2W,4820,2,April,2022-04,5050.0,4450.0,4200.0,4773.333333333333,302.70998221620164,-4.5544554455445585
2022-05-01,2022,5,Delhi,Electric 2W,5300,2,May,2022-05,4820.0,5050.0,4450.0,5056.666666666667,240.06943440041076,9.958506224066399
2022-06-01,2022,6,Delhi,Electric 2W,5700,2,June,2022-06,5300.0,4820.0,5050.0,5273.333333333333,440.605643782888,7.547169811320753
2022-07-01,2022,7,Delhi,Electric 2W,6100,3,July,2022-07,5700.0,5300.0,4820.0,5700.0,399.99999999999994,7.017543859649122
2022-08-01,2022,8,Delhi,Electric 2W,6550,3,August,2022-08,6100.0,5700.0,5300.0,6116.666666666667,425.24502740576895,7.377049180327866
2022-09-01,2022,9,Delhi,Electric 2W,7050,3,September,2022-09,6550.0,6100.0,5700.0,6566.666666666667,475.2192476461081,7.6335877862595325
2022-10-01,2022,10,Delhi,Electric 2W,7900,4,October,2022-10,7050.0,6550.0,6100.0,7166.666666666667,682.5198409814419,12.056737588652489
2022-11-01,2022,11,Delhi,Electric 2W,8500,4,November,2022-11,7900.0,7050.0,6550.0,7816.666666666667,728.5830998131459,7.594936708860756
2022-12-01,2022,12,Delhi,Electric 2W,9100,4,December,2022-12,8500.0,7900.0,7050.0,8500.0,599.9999999999991,7.058823529411762
2021-01-01,2021,1,Delhi,Electric 3W,2100,1,January,2021-01,0.0,0.0,0.0,0.0,0.0,0.0
2021-02-01,2021,2,Delhi,Electric 3W,2250,1,February,2021-02,2100.0,0.0,0.0,0.0,0.0,7.14285714285714
2021-03-01,2021,3,Delhi,Electric 3W,2490,1,March,2021-03,2250.0,2100.0,0.0,2280.0,196.72315572906,10.666666666666668
2021-04-01,2021,4,Delhi,Electric 3W,2400,2,April,2021-04,2490.0,2250.0,2100.0,2380.0,121.2435565298214,-3.6144578313253017
2021-05-01,2021,5,Delhi,Electric 3W,2580,2,May,2021-05,2400.0,2490.0,2250.0,2490.0,90.0,7.499999999999996
2021-06-01,2021,6,Delhi,Electric 3W,2790,2,June,2021-06,2580.0,2400.0,2490.0,2590.0,195.19221295943134,8.139534883720923
2021-07-01,2021,7,Delhi,Electric 3W,2920,3,July,2021-07,2790.0,2580.0,2400.0,2763.3333333333335,171.56145643277023,4.659498207885315
2021-08-01,2021,8,Delhi,Electric 3W,3100,3,August,2021-08,2920.0,2790.0,2580.0,2936.6666666666665,155.67059238447482,6.164383561643838
2021-09-01,2021,9,Delhi,Electric 3W,3300,3,September,2021-09,3100.0,2920.0,2790.0,3106.6666666666665,190.0876990584434,6.451612903225801
2021-10-01,2021,10,Delhi,Electric 3W,3700,4,October,2021-10,3300.0,3100.0,2920.0,3366.6666666666665,305.50504633038946,12.12121212121211
2021-11-01,2021,11,Delhi,Electric 3W,3960,4,November,2021-11,3700.0,3300.0,3100.0,3653.3333333333335,332.46553706111166,7.027027027027022
2021-12-01,2021,12,Delhi,Electric 3W,4200,4,December,2021-12,3960.0,3700.0,3300.0,3953.3333333333335,250.06665778014738,6.060606060606055
2022-01-01,2022,1,Delhi,Electric 3W,3600,1,January,2022-01,4200.0,3960.0,3700.0,3920.0,301.99337741082996,-14.28571428571429
2022-02-01,2022,2,Delhi,Electric 3W,3780,1,February,2022-02,3600.0,4200.0,3960.0,3860.0,307.89608636681305,5.000000000000004
2022-03-01,2022,3,Delhi,Electric 3W,4250,1,March,2022-03,3780.0,3600.0,4200.0,3876.6666666666665,335.6088993655165,12.43386243386244
2022-04-01,2022,4,Delhi,Electric 3W,4080,2,April,2022-04,4250.0,3780.0,3600.0,4036.6666666666665,237.9775899813539,-4.0000000000000036
2022-05-01,2022,5,Delhi,Electric 3W,4450,2,May,2022-05,4080.0,4250.0,3780.0,4260.0,185.20259177452158,9.068627450980383
2022-06-01,2022,6,Delhi,Electric 3W,4820,2,June,2022-06,4450.0,4080.0,4250.0,4450.0,370.0000000000001,8.314606741573026
2022-07-01,2022,7,Delhi,Electric 3W,5100,3,July,2022-07,4820.0,4450.0,4080.0,4790.0,326.0368077380223,5.809128630705396
2022-08-01,2022,8,Delhi,Electric 3W,5450,3,August,2022-08,5100.0,4820.0,4450.0,5123.333333333333,315.64748269760287,6.8627450980392135
2022-09-01,2022,9,Delhi,Electric 3W,5850,3,September,2022-09,5450.0,5100.0,4820.0,5466.666666666667,375.2776749732569,7.339449541284404
2022-10-01,2022,10,Delhi,Electric 3W,6500,4,October,2022-10,5850.0,5450.0,5100.0,5933.333333333333,529.937103186155,11.111111111111116
2022-11-01,2022,11,Delhi,Electric 3W,6950,4,November,2022-11,6500.0,5850.0,5450.0,6433.333333333333,553.0220007679023,6.923076923076921
2022-12-01,2022,12,Delhi,Electric 3W,7350,4,December,2022-12,6950.0,6500.0,5850.0,6933.333333333333,425.24502740576986,5.755395683453246
2021-01-01,2021,1,Delhi,Electric 4W,700,1,January,2021-01,0.0,0.0,0.0,0.0,0.0,0.0
2021-02-01,2021,2,Delhi,Electric 4W,760,1,February,2021-02,700.0,0.0,0.0,0.0,0.0,8.571428571428562
2021-03-01,2021,3,Delhi,Electric 4W,840,1,March,2021-03,760.0,700.0,0.0,766.6666666666666,70.23769168568494,10.526315789473696
2021-04-01,2021,4,Delhi,Electric 4W,810,2,April,2021-04,840.0,760.0,700.0,803.3333333333334,40.414518843273854,-3.57142857142857
2021-05-01,2021,5,Delhi,Electric 4W,900,2,May,2021-05,810.0,840.0,760.0,850.0,45.82575694955843,11.111111111111116
2021-06-01,2021,6,Delhi,Electric 4W,980,2,June,2021-06,900.0,810.0,840.0,896.6666666666666,85.04900548115386,8.888888888888879
2021-07-01,2021,7,Delhi,Electric 4W,1040,3,July,2021-07,980.0,900.0,810.0,973.3333333333334,70.23769168568496,6.1224489795918435
2021-08-01,2021,8,Delhi,Electric 4W,1100,3,August,2021-08,1040.0,980.0,900.0,1040.0,60.000000000000036,5.769230769230771
2021-09-01,2021,9,Delhi,Electric 4W,1180,3,September,2021-09,1100.0,1040.0,980.0,1106.6666666666667,70.23769168568492,7.272727272727275
2021-10-01,2021,10,Delhi,Electric 4W,1320,4,October,2021-10,1180.0,1100.0,1040.0,1200.0,111.35528725660042,11.864406779661007
2021-11-01,2021,11,Delhi,Electric 4W,1450,4,November,2021-11,1320.0,1180.0,1100.0,1316.6666666666667,135.0308606701939,9.84848484848484
2021-12-01,2021,12,Delhi,Electric 4W,1520,4,December,2021-12,1450.0,1320.0,1180.0,1430.0,101.4889156509221,4.827586206896561
2022-01-01,2022,1,Delhi,Electric 4W,1300,1,January,2022-01,1520.0,1450.0,1320.0,1423.3333333333333,112.39810200058231,-14.473684210526317
2022-02-01,2022,2,Delhi,Electric 4W,1380,1,February,2022-02,1300.0,1520.0,1450.0,1400.0,111.3552872566003,6.153846153846154
2022-03-01,2022,3,Delhi,Electric 4W,1580,1,March,2022-03,1380.0,1300.0,1520.0,1420.0,144.22205101855948,14.492753623188403
2022-04-01,2022,4,Delhi,Electric 4W,1510,2,April,2022-04,1580.0,1380.0,1300.0,1490.0,101.48891565092205,-4.430379746835444
2022-05-01,2022,5,Delhi,Electric 4W,1680,2,May,2022-05,1510.0,1580.0,1380.0,1590.0,85.44003745317514,11.258278145695355
2022-06-01,2022,6,Delhi,Electric 4W,1800,2,June,2022-06,1680.0,1510.0,1580.0,1663.3333333333333,145.7166199626292,7.14285714285714
2022-07-01,2022,7,Delhi,Electric 4W,1920,3,July,2022-07,1800.0,1680.0,1510.0,1800.0,119.99999999999994,6.666666666666665
2022-08-01,2022,8,Delhi,Electric 4W,2080,3,August,2022-08,1920.0,1800.0,1680.0,1933.3333333333333,140.47538337136984,8.333333333333325
2022-09-01,2022,9,Delhi,Electric 4W,2240,3,September,2022-09,2080.0,1920.0,1800.0,2080.0,160.0,7.692307692307687
2022-10-01,2022,10,Delhi,Electric 4W,2500,4,October,2022-10,2240.0,2080.0,1920.0,2273.3333333333335,211.97484127446188,11.607142857142861
2022-11-01,2022,11,Delhi,Electric 4W,2720,4,November,2022-11,2500.0,2240.0,2080.0,2486.6666666666665,240.27761721253464,8.800000000000008
2022-12-01,2022,12,Delhi,Electric 4W,2880,4,December,2022-12,2720.0,2500.0,2240.0,2700.0,190.78784028338916,5.882352941176472
2021-01-01,2021,1,Karnataka,Electric 2W,3100,1,January,2021-01,0.0,0.0,0.0,0.0,0.0,0.0
2021-02-01,2021,2,Karnataka,Electric 2W,3280,1,February,2021-02,3100.0,0.0,0.0,0.0,0.0,5.8064516129032295
2021-03-01,2021,3,Karnataka,Electric 2W,3740,1,March,2021-03,3280.0,3100.0,0.0,3373.3333333333335,330.0505011863083,14.02439024390243
2021-04-01,2021,4,Karnataka,Electric 2W,3600,2,April,2021-04,3740.0,3280.0,3100.0,3540.0,235.79652245103176,-3.7433155080213942
2021-05-01,2021,5,Karnataka,Electric 2W,3900,2,May,2021-05,3600.0,3740.0,3280.0,3746.6666666666665,150.11106998930248,8.333333333333325
2021-06-01,2021,6,Karnataka,Electric 2W,4200,2,June,2021-06,3900.0,3600.0,3740.0,3900.0,299.9999999999999,7.692307692307687
2021-07-01,2021,7,Karnataka,Electric 2W,4450,3,July,2021-07,4200.0,3900.0,3600.0,4183.333333333333,275.3785273643051,5.952380952380953
2021-08-01,2021,8,Karnataka,Electric 2W,4720,3,August,2021-08,4450.0,4200.0,3900.0,4456.666666666667,260.0640946638604,6.067415730337089
2021-09-01,2021,9,Karnataka,Electric 2W,5050,3,September,2021-09,4720.0,4450.0,4200.0,4740.0,300.49958402633433,6.991525423728806
2021-10-01,2021,10,Karnataka,Electric 2W,5650,4,October,2021-10,5050.0,4720.0,4450.0,5140.0,471.4870093650513,11.881188118811892
2021-11-01,2021,11,Karnataka,Electric 2W,6200,4,November,2021-11,5650.0,5050.0,4720.0,5633.333333333333,575.1811308912467,9.734513274336276
2021-12-01,2021,12,Karnataka,Electric 2W,6600,4,December,2021-12,6200.0,5650.0,5050.0,6150.0,476.9696007084731,6.451612903225801
2022-01-01,2022,1,Karnataka,Electric 2W,5550,1,January,2022-01,6600.0,6200.0,5650.0,6116.666666666667,529.9371031861552,-15.909090909090907
2022-02-01,2022,2,Karnataka,Electric 2W,5850,1,February,2022-02,5550.0,6600.0,6200.0,6000.0,540.8326913195988,5.405405405405395
2022-03-01,2022,3,Karnataka,Electric 2W,6650,1,March,2022-03,5850.0,5550.0,6600.0,6016.666666666667,568.624070307733,13.675213675213671
2022-04-01,2022,4,Karnataka,Electric 2W,6400,2,April,2022-04,6650.0,5850.0,5550.0,6300.0,409.26763859362273,-3.759398496240607
2022-05-01,2022,5,Karnataka,Electric 2W,7000,2,May,2022-05,6400.0,6650.0,5850.0,6683.333333333333,301.3856886670858,9.375
2022-06-01,2022,6,Karnataka,Electric 2W,7550,2,June,2022-06,7000.0,6400.0,6650.0,6983.333333333333,575.1811308912469,7.857142857142851
2022-07-01,2022,7,Karnataka,Electric 2W,8050,3,July,2022-07,7550.0,7000.0,6400.0,7533.333333333333,525.198375219625,6.62251655629138
2022-08-01,2022,8,Karnataka,Electric 2W,8600,3,August,2022-08,8050.0,7550.0,7000.0,8066.666666666667,525.198375219625,6.8322981366459645
2022-09-01,2022,9,Karnataka,Electric 2W,9250,3,September,2022-09,8600.0,8050.0,7550.0,8633.333333333334,600.6940430313368,7.558139534883712
2022-10-01,2022,10,Karnataka,Electric 2W,10400,4,October,2022-10,9250.0,8600.0,8050.0,9416.666666666666,911.5005942583547,12.432432432432439
2022-11-01,2022,11,Karnataka,Electric 2W,11250,4,November,2022-11,10400.0,9250.0,8600.0,10300.0,1003.7429949942369,8.173076923076916
2022-12-01,2022,12,Karnataka,Electric 2W,12000,4,December,2022-12,11250.0,10400.0,9250.0,11216.666666666666,800.5206639015225,6.666666666666665
2021-01-01,2021,1,Karnataka,Electric 3W,1200,1,January,2021-01,0.0,0.0,0.0,0.0,0.0,0.0
2021-02-01,2021,2,Karnataka,Electric 3W,1320,1,February,2021-02,1200.0,0.0,0.0,0.0,0.0,10.000000000000009
2021-03-01,2021,3,Karnataka,Electric 3W,1500,1,March,2021-03,1320.0,1200.0,0.0,1340.0,150.99668870541498,13.636363636363647
2021-04-01,2021,4,Karnataka,Electric 3W,1450,2,April,2021-04,1500.0,1320.0,1200.0,1423.3333333333333,92.91573243177571,-3.3333333333333326
2021-05-01,2021,5,Karnataka,Electric 3W,1600,2,May,2021-05,1450.0,1500.0,1320.0,1516.6666666666667,76.37626158259735,10.344827586206895
2021-06-01,2021,6,Karnataka,Electric 3W,1750,2,June,2021-06,1600.0,1450.0,1500.0,1600.0,150.0,9.375
2021-07-01,2021,7,Karnataka,Electric 3W,1880,3,July,2021-07,1750.0,1600.0,1450.0,1743.3333333333333,140.11899704655804,7.428571428571429
2021-08-01,2021,8,Karnataka,Electric 3W,2020,3,August,2021-08,1880.0,1750.0,1600.0,1883.3333333333333,135.03086067019404,7.446808510638303
2021-09-01,2021,9,Karnataka,Electric 3W,2200,3,September,2021-09,2020.0,1880.0,1750.0,2033.3333333333333,160.416125540213,8.910891089108919
2021-10-01,2021,10,Karnataka,Electric 3W,2500,4,October,2021-10,2200.0,2020.0,1880.0,2240.0,242.48711305964292,13.636363636363647
2021-11-01,2021,11,Karnataka,Electric 3W,2750,4,November,2021-11,2500.0,2200.0,2020.0,2483.3333333333335,275.37852736430517,10.000000000000009
2021-12-01,2021,12,Karnataka,Electric 3W,2920,4,December,2021-12,2750.0,2500.0,2200.0,2723.3333333333335,211.26602503321092,6.181818181818177
2022-01-01,2022,1,Karnataka,Electric 3W,2480,1,January,2022-01,2920.0,2750.0,2500.0,2716.6666666666665,221.8858565419014,-15.068493150684937
2022-02-01,2022,2,Karnataka,Electric 3W,2630,1,February,2022-02,2480.0,2920.0,2750.0,2676.6666666666665,223.68132093076804,6.048387096774199
2022-03-01,2022,3,Karnataka,Electric 3W,3050,1,March,2022-03,2630.0,2480.0,2920.0,2720.0,295.46573405388295,15.969581749049432
2022-04-01,2022,4,Karnataka,Electric 3W,2900,2,April,2022-04,3050.0,2630.0,2480.0,2860.0,212.83796653792734,-4.918032786885251
2022-05-01,2022,5,Karnataka,Electric 3W,3220,2,May,2022-05,2900.0,3050.0,2630.0,3056.6666666666665,160.10413278030407,11.03448275862069
2022-06-01,2022,6,Karnataka,Electric 3W,3500,2,June,2022-06,3220.0,2900.0,3050.0,3206.6666666666665,300.2221399786053,8.695652173913038
2022-07-01,2022,7,Karnataka,Electric 3W,3750,3,July,2022-07,3500.0,3220.0,2900.0,3490.0,265.14147167125697,7.14285714285714
2022-08-01,2022,8,Karnataka,Electric 3W,4050,3,August,2022-08,3750.0,3500.0,3220.0,3766.6666666666665,275.3785273643051,8.000000000000007
2022-09-01,2022,9,Karnataka,Electric 3W,4380,3,September,2022-09,4050.0,3750.0,3500.0,4060.0,315.11902513177466,8.148148148148149
2022-10-01,2022,10,Karnataka,Electric 3W,4920,4,October,2022-10,4380.0,4050.0,3750.0,4450.0,439.20382511995507,12.328767123287676
2022-11-01,2022,11,Karnataka,Electric 3W,5300,4,November,2022-11,4920.0,4380.0,4050.0,4866.666666666667,462.31302526895485,7.72357723577235
2022-12-01,2022,12,Karnataka,Electric 3W,5680,4,December,2022-12,5300.0,4920.0,4380.0,5300.0,379.9999999999998,7.169811320754715
2021-01-01,2021,1,Karnataka,Electric 4W,640,1,January,2021-01,0.0,0.0,0.0,0.0,0.0,0.0
2021-02-01,2021,2,Karnataka,Electric 4W,690,1,February,2021-02,640.0,0.0,0.0,0.0,0.0,7.8125
2021-03-01,2021,3,Karnataka,Electric 4W,780,1,March,2021-03,690.0,640.0,0.0,703.3333333333334,70.94598884597586,13.043478260869556
2021-04-01,2021,4,Karnataka,Electric 4W,740,2,April,2021-04,780.0,690.0,640.0,736.6666666666666,45.092497528228904,-5.128205128205132
2021-05-01,2021,5,Karnataka,Electric 4W,830,2,May,2021-05,740.0,780.0,690.0,783.3333333333334,45.092497528228904,12.162162162162172
2021-06-01,2021,6,Karnataka,Electric 4W,900,2,June,2021-06,830.0,740.0,780.0,823.3333333333334,80.2080627701064,8.43373493975903
2021-07-01,2021,7,Karnataka,Electric 4W,960,3,July,2021-07,900.0,830.0,740.0,896.6666666666666,65.06407098647706,6.666666666666665
2021-08-01,2021,8,Karnataka,Electric 4W,1030,3,August,2021-08,960.0,900.0,830.0,963.3333333333334,65.06407098647706,7.291666666666674
2021-09-01,2021,9,Karnataka,Electric 4W,1110,3,September,2021-09,1030.0,960.0,900.0,1033.3333333333333,75.05553499465132,7.7669902912621325
2021-10-01,2021,10,Karnataka,Electric 4W,1240,4,October,2021-10,1110.0,1030.0,960.0,1126.6666666666667,105.98742063723094,11.711711711711704
2021-11-01,2021,11,Karnataka,Electric 4W,1380,4,November,2021-11,1240.0,1110.0,1030.0,1243.3333333333333,135.03086067019393,11.290322580645151
2021-12-01,2021,12,Karnataka,Electric 4W,1460,4,December,2021-12,1380.0,1240.0,1110.0,1360.0,111.35528725660045,5.797101449275366
2022-01-01,2022,1,Karnataka,Electric 4W,1230,1,January,2022-01,1460.0,1380.0,1240.0,1356.6666666666667,116.76186592091334,-15.753424657534243
2022-02-01,2022,2,Karnataka,Electric 4W,1300,1,February,2022-02,1230.0,1460.0,1380.0,1330.0,117.89826122551601,5.691056910569103
2022-03-01,2022,3,Karnataka,Electric 4W,1500,1,March,2022-03,1300.0,1230.0,1460.0,1343.3333333333333,140.1189970465581,15.384615384615374
2022-04-01,2022,4,Karnataka,Electric 4W,1430,2,April,2022-04,1500.0,1300.0,1230.0,1410.0,101.48891565092232,-4.666666666666663
2022-05-01,2022,5,Karnataka,Electric 4W,1600,2,May,2022-05,1430.0,1500.0,1300.0,1510.0,85.44003745317548,11.888111888111897
2022-06-01,2022,6,Karnataka,Electric 4W,1740,2,June,2022-06,1600.0,1430.0,1500.0,1590.0,155.24174696260033,8.749999999999991
2022-07-01,2022,7,Karnataka,Electric 4W,1860,3,July,2022-07,1740.0,1600.0,1430.0,1733.3333333333333,130.12814197295438,6.896551724137923
2022-08-01,2022,8,Karnataka,Electric 4W,2020,3,August,2022-08,1860.0,1740.0,1600.0,1873.3333333333333,140.47538337137001,8.602150537634401
2022-09-01,2022,9,Karnataka,Electric 4W,2180,3,September,2022-09,2020.0,1860.0,1740.0,2020.0,160.00000000000017,7.920792079207928
2022-10-01,2022,10,Karnataka,Electric 4W,2460,4,October,2022-10,2180.0,2020.0,1860.0,2220.0,222.710574513201,12.844036697247695
2022-11-01,2022,11,Karnataka,Electric 4W,2680,4,November,2022-11,2460.0,2180.0,2020.0,2440.0,250.59928172283347,8.943089430894302
2022-12-01,2022,12,Karnataka,Electric 4W,2860,4,December,2022-12,2680.0,2460.0,2180.0,2666.6666666666665,200.33305601755646,6.7164179104477695
2021-01-01,2021,1,Maharashtra,Electric 2W,4200,1,January,2021-01,0.0,0.0,0.0,0.0,0.0,0.0
2021-02-01,2021,2,Maharashtra,Electric 2W,4450,1,February,2021-02,4200.0,0.0,0.0,0.0,0.0,5.952380952380953
2021-03-01,2021,3,Maharashtra,Electric 2W,5100,1,March,2021-03,4450.0,4200.0,0.0,4583.333333333333,464.5786621588786,14.606741573033698
2021-04-01,2021,4,Maharashtra,Electric 2W,4900,2,April,2021-04,5100.0,4450.0,4200.0,4816.666666666667,332.91640592396993,-3.9215686274509776
2021-05-01,2021,5,Maharashtra,Electric 2W,5300,2,May,2021-05,4900.0,5100.0,4450.0,5100.0,200.00000000000028,8.163265306122458
2021-06-01,2021,6,Maharashtra,Electric 2W,5700,2,June,2021-06,5300.0,4900.0,5100.0,5300.0,400.00000000000017,7.547169811320753
2021-07-01,2021,7,Maharashtra,Electric 2W,6000,3,July,2021-07,5700.0,5300.0,4900.0,5666.666666666667,351.18845842842467,5.263157894736836
2021-08-01,2021,8,Maharashtra,Electric 2W,6350,3,August,2021-08,6000.0,5700.0,5300.0,6016.666666666667,325.3203549323854,5.833333333333335
2021-09-01,2021,9,Maharashtra,Electric 2W,6800,3,September,2021-09,6350.0,6000.0,5700.0,6383.333333333333,401.040313850532,7.086614173228356
2021-10-01,2021,10,Maharashtra,Electric 2W,7600,4,October,2021-10,6800.0,6350.0,6000.0,6916.666666666667,633.1139971074191,11.764705882352944
2021-11-01,2021,11,Maharashtra,Electric 2W,8300,4,November,2021-11,7600.0,6800.0,6350.0,7566.666666666667,750.5553499465132,9.210526315789469
2021-12-01,2021,12,Maharashtra,Electric 2W,8800,4,December,2021-12,8300.0,7600.0,6800.0,8233.333333333334,602.77137733417,6.024096385542177
2022-01-01,2022,1,Maharashtra,Electric 2W,7200,1,January,2022-01,8800.0,8300.0,7600.0,8100.0,818.5352771872442,-18.181818181818176
2022-02-01,2022,2,Maharashtra,Electric 2W,7600,1,February,2022-02,7200.0,8800.0,8300.0,7866.666666666667,832.6663997864523,5.555555555555558
2022-03-01,2022,3,Maharashtra,Electric 2W,8600,1,March,2022-03,7600.0,7200.0,8800.0,7800.0,721.1102550927972,13.157894736842103
2022-04-01,2022,4,Maharashtra,Electric 2W,8250,2,April,2022-04,8600.0,7600.0,7200.0,8150.0,507.44457825460995,-4.069767441860462
2022-05-01,2022,5,Maharashtra,Electric 2W,9000,2,May,2022-05,8250.0,8600.0,7600.0,8616.666666666666,375.2776749732556,9.090909090909083
2022-06-01,2022,6,Maharashtra,Electric 2W,9700,2,June,2022-06,9000.0,8250.0,8600.0,8983.333333333334,725.1436639269023,7.777777777777772
2022-07-01,2022,7,Maharashtra,Electric 2W,10300,3,July,2022-07,9700.0,9000.0,8250.0,9666.666666666666,650.6407098647703,6.185567010309279
2022-08-01,2022,8,Maharashtra,Electric 2W,11000,3,August,2022-08,10300.0,9700.0,9000.0,10333.333333333334,650.6407098647703,6.796116504854366
2022-09-01,2022,9,Maharashtra,Electric 2W,11800,3,September,2022-09,11000.0,10300.0,9700.0,11033.333333333334,750.5553499465123,7.272727272727275
2022-10-01,2022,10,Maharashtra,Electric 2W,13200,4,October,2022-10,11800.0,11000.0,10300.0,12000.0,1113.5528725660035,11.864406779661007
2022-11-01,2022,11,Maharashtra,Electric 2W,14200,4,November,2022-11,13200.0,11800.0,11000.0,13066.666666666666,1205.542754668341,7.575757575757569
2022-12-01,2022,12,Maharashtra,Electric 2W,15000,4,December,2022-12,14200.0,13200.0,11800.0,14133.333333333334,901.8499505645782,5.633802816901401
2021-01-01,2021,1,Maharashtra,Electric 3W,1800,1,January,2021-01,0.0,0.0,0.0,0.0,0.0,0.0
2021-02-01,2021,2,Maharashtra,Electric 3W,1900,1,February,2021-02,1800.0,0.0,0.0,0.0,0.0,5.555555555555558
2021-03-01,2021,3,Maharashtra,Electric 3W,2200,1,March,2021-03,1900.0,1800.0,0.0,1966.6666666666667,208.16659994661325,15.789473684210531
2021-04-01,2021,4,Maharashtra,Electric 3W,2080,2,April,2021-04,2200.0,1900.0,1800.0,2060.0,150.99668870541493,-5.454545454545457
2021-05-01,2021,5,Maharashtra,Electric 3W,2300,2,May,2021-05,2080.0,2200.0,1900.0,2193.3333333333335,110.15141094572189,10.576923076923084
2021-06-01,2021,6,Maharashtra,Electric 3W,2500,2,June,2021-06,2300.0,2080.0,2200.0,2293.3333333333335,210.0793500878496,8.695652173913038
2021-07-01,2021,7,Maharashtra,Electric 3W,2650,3,July,2021-07,2500.0,2300.0,2080.0,2483.3333333333335,175.59422921421202,6.000000000000005
2021-08-01,2021,8,Maharashtra,Electric 3W,2820,3,August,2021-08,2650.0,2500.0,2300.0,2656.6666666666665,160.10413278030404,6.41509433962264
2021-09-01,2021,9,Maharashtra,Electric 3W,3000,3,September,2021-09,2820.0,2650.0,2500.0,2823.3333333333335,175.02380790433406,6.382978723404253
2021-10-01,2021,10,Maharashtra,Electric 3W,3350,4,October,2021-10,3000.0,2820.0,2650.0,3056.6666666666665,269.5057204092953,11.66666666666667
2021-11-01,2021,11,Maharashtra,Electric 3W,3600,4,November,2021-11,3350.0,3000.0,2820.0,3316.6666666666665,301.38568866708533,7.462686567164178
2021-12-01,2021,12,Maharashtra,Electric 3W,3820,4,December,2021-12,3600.0,3350.0,3000.0,3590.0,235.15952032609695,6.111111111111112
2022-01-01,2022,1,Maharashtra,Electric 3W,3250,1,January,2022-01,3820.0,3600.0,3350.0,3556.6666666666665,287.46014216467177,-14.92146596858639
2022-02-01,2022,2,Maharashtra,Electric 3W,3420,1,February,2022-02,3250.0,3820.0,3600.0,3496.6666666666665,292.6317367158478,5.230769230769239
2022-03-01,2022,3,Maharashtra,Electric 3W,3900,1,March,2022-03,3420.0,3250.0,3820.0,3523.3333333333335,337.0954365359063,14.035087719298245
2022-04-01,2022,4,Maharashtra,Electric 3W,3720,2,April,2022-04,3900.0,3420.0,3250.0,3680.0,242.4871130596425,-4.61538461538461
2022-05-01,2022,5,Maharashtra,Electric 3W,4100,2,May,2022-05,3720.0,3900.0,3420.0,3906.6666666666665,190.08769905844304,10.215053763440851
2022-06-01,2022,6,Maharashtra,Electric 3W,4450,2,June,2022-06,4100.0,3720.0,3900.0,4090.0,365.1027252705735,8.536585365853666
2022-07-01,2022,7,Maharashtra,Electric 3W,4700,3,July,2022-07,4450.0,4100.0,3720.0,4416.666666666667,301.3856886670851,5.617977528089879
2022-08-01,2022,8,Maharashtra,Electric 3W,5020,3,August,2022-08,4700.0,4450.0,4100.0,4723.333333333333,285.7154761879957,6.808510638297882
2022-09-01,2022,9,Maharashtra,Electric 3W,5400,3,September,2022-09,5020.0,4700.0,4450.0,5040.0,350.4283093587045,7.569721115537842
2022-10-01,2022,10,Maharashtra,Electric 3W,6020,4,October,2022-10,5400.0,5020.0,4700.0,5480.0,504.7771785649584,11.481481481481492
2022-11-01,2022,11,Maharashtra,Electric 3W,6450,4,November,2022-11,6020.0,5400.0,5020.0,5956.666666666667,527.857303949972,7.14285714285714
2022-12-01,2022,12,Maharashtra,Electric 3W,6800,4,December,2022-12,6450.0,6020.0,5400.0,6423.333333333333,390.68316233660886,5.4263565891472965
2021-01-01,2021,1,Maharashtra,Electric 4W,850,1,January,2021-01,0.0,0.0,0.0,0.0,0.0,0.0
2021-02-01,2021,2,Maharashtra,Electric 4W,890,1,February,2021-02,850.0,0.0,0.0,0.0,0.0,4.705882352941182
2021-03-01,2021,3,Maharashtra,Electric 4W,1010,1,March,2021-03,890.0,850.0,0.0,916.6666666666666,83.26663997864533,13.483146067415742
2021-04-01,2021,4,Maharashtra,Electric 4W,960,2,April,2021-04,1010.0,890.0,850.0,953.3333333333334,60.27713773341711,-4.950495049504955
2021-05-01,2021,5,Maharashtra,Electric 4W,1080,2,May,2021-05,960.0,1010.0,890.0,1016.6666666666666,60.27713773341711,12.5
2021-06-01,2021,6,Maharashtra,Electric 4W,1150,2,June,2021-06,1080.0,960.0,1010.0,1063.3333333333333,96.09023536933054,6.481481481481488
2021-07-01,2021,7,Maharashtra,Electric 4W,1220,3,July,2021-07,1150.0,1080.0,960.0,1150.0,70.00000000000011,6.08695652173914
2021-08-01,2021,8,Maharashtra,Electric 4W,1300,3,August,2021-08,1220.0,1150.0,1080.0,1223.3333333333333,75.05553499465148,6.557377049180335
2021-09-01,2021,9,Maharashtra,Electric 4W,1380,3,September,2021-09,1300.0,1220.0,1150.0,1300.0,80.00000000000014,6.153846153846154
2021-10-01,2021,10,Maharashtra,Electric 4W,1520,4,October,2021-10,1380.0,1300.0,1220.0,1400.0,111.35528725660055,10.144927536231885
2021-11-01,2021,11,Maharashtra,Electric 4W,1680,4,November,2021-11,1520.0,1380.0,1300.0,1526.6666666666667,150.11106998930273,10.526315789473696
2021-12-01,2021,12,Maharashtra,Electric 4W,1760,4,December,2021-12,1680.0,1520.0,1380.0,1653.3333333333333,122.20201853215578,4.761904761904767
2022-01-01,2022,1,Maharashtra,Electric 4W,1500,1,January,2022-01,1760.0,1680.0,1520.0,1646.6666666666667,133.16656236958795,-14.77272727272727
2022-02-01,2022,2,Maharashtra,Electric 4W,1580,1,February,2022-02,1500.0,1760.0,1680.0,1613.3333333333333,133.16656236958795,5.333333333333323
2022-03-01,2022,3,Maharashtra,Electric 4W,1800,1,March,2022-03,1580.0,1500.0,1760.0,1626.6666666666667,155.34906930308063,13.924050632911399
2022-04-01,2022,4,Maharashtra,Electric 4W,1720,2,April,2022-04,1800.0,1580.0,1500.0,1700.0,111.35528725660045,-4.444444444444439
2022-05-01,2022,5,Maharashtra,Electric 4W,1920,2,May,2022-05,1720.0,1800.0,1580.0,1813.3333333333333,100.66445913694336,11.627906976744185
2022-06-01,2022,6,Maharashtra,Electric 4W,2060,2,June,2022-06,1920.0,1720.0,1800.0,1900.0,170.88007490635064,7.291666666666674
2022-07-01,2022,7,Maharashtra,Electric 4W,2200,3,July,2022-07,2060.0,1920.0,1720.0,2060.0,140.00000000000003,6.796116504854366
2022-08-01,2022,8,Maharashtra,Electric 4W,2380,3,August,2022-08,2200.0,2060.0,1920.0,2213.3333333333335,160.41612554021282,8.18181818181818
2022-09-01,2022,9,Maharashtra,Electric 4W,2550,3,September,2022-09,2380.0,2200.0,2060.0,2376.6666666666665,175.02380790433432,7.14285714285714
2022-10-01,2022,10,Maharashtra,Electric 4W,2840,4,October,2022-10,2550.0,2380.0,2200.0,2590.0,232.59406699226017,11.372549019607847
2022-11-01,2022,11,Maharashtra,Electric 4W,3080,4,November,2022-11,2840.0,2550.0,2380.0,2823.3333333333335,265.3927906581739,8.450704225352123
2022-12-01,2022,12,Maharashtra,Electric 4W,3250,4,December,2022-12,3080.0,2840.0,2550.0,3056.6666666666665,205.99352740640495,5.519480519480524
2021-01-01,2021,1,Uttar Pradesh,Electric 2W,2700,1,January,2021-01,0.0,0.0,0.0,0.0,0.0,0.0
2021-02-01,2021,2,Uttar Pradesh,Electric 2W,2850,1,February,2021-02,2700.0,0.0,0.0,0.0,0.0,5.555555555555558
2021-03-01,2021,3,Uttar Pradesh,Electric 2W,3300,1,March,2021-03,2850.0,2700.0,0.0,2950.0,312.2498999199199,15.789473684210531
2021-04-01,2021,4,Uttar Pradesh,Electric 2W,3180,2,April,2021-04,3300.0,2850.0,2700.0,3110.0,233.02360395462088,-3.6363636363636376
2021-05-01,2021,5,Uttar Pradesh,Electric 2W,3450,2,May,2021-05,3180.0,3300.0,2850.0,3310.0,135.27749258468683,8.490566037735858
2021-06-01,2021,6,Uttar Pradesh,Electric 2W,3740,2,June,2021-06,3450.0,3180.0,3300.0,3456.6666666666665,280.059517483933,8.405797101449286
2021-07-01,2021,7,Uttar Pradesh,Electric 2W,3980,3,July,2021-07,3740.0,3450.0,3180.0,3723.3333333333335,265.392790658174,6.417112299465244
2021-08-01,2021,8,Uttar Pradesh,Electric 2W,4220,3,August,2021-08,3980.0,3740.0,3450.0,3980.0,240.00000000000003,6.030150753768848
2021-09-01,2021,9,Uttar Pradesh,Electric 2W,4550,3,September,2021-09,4220.0,3980.0,3740.0,4250.0,286.18176042508367,7.81990521327014
2021-10-01,2021,10,Uttar Pradesh,Electric 2W,5120,4,October,2021-10,4550.0,4220.0,3980.0,4630.0,455.3020975132884,12.527472527472527
2021-11-01,2021,11,Uttar Pradesh,Electric 2W,5600,4,November,2021-11,5120.0,4550.0,4220.0,5090.0,525.6424640380569,9.375
2021-12-01,2021,12,Uttar Pradesh,Electric 2W,5950,4,December,2021-12,5600.0,5120.0,4550.0,5556.666666666667,416.6933324800545,6.25
2022-01-01,2022,1,Uttar Pradesh,Electric 2W,5050,1,January,2022-01,5950.0,5600.0,5120.0,5533.333333333333,453.688586293873,-15.126050420168069
2022-02-01,2022,2,Uttar Pradesh,Electric 2W,5350,1,February,2022-02,5050.0,5950.0,5600.0,5450.0,458.2575694955837,5.940594059405946
2022-03-01,2022,3,Uttar Pradesh,Electric 2W,6100,1,March,2022-03,5350.0,5050.0,5950.0,5500.0,540.8326913195981,14.018691588785037
2022-04-01,2022,4,Uttar Pradesh,Electric 2W,5850,2,April,2022-04,6100.0,5350.0,5050.0,5766.666666666667,381.88130791298624,-4.098360655737709
2022-05-01,2022,5,Uttar Pradesh,Electric 2W,6400,2,May,2022-05,5850.0,6100.0,5350.0,6116.666666666667,275.37852736430426,9.401709401709413
2022-06-01,2022,6,Uttar Pradesh,Electric 2W,6900,2,June,2022-06,6400.0,5850.0,6100.0,6383.333333333333,525.198375219624,7.8125
2022-07-01,2022,7,Uttar Pradesh,Electric 2W,7350,3,July,2022-07,6900.0,6400.0,5850.0,6883.333333333333,475.2192476461083,6.521739130434789
2022-08-01,2022,8,Uttar Pradesh,Electric 2W,7900,3,August,2022-08,7350.0,6900.0,6400.0,7383.333333333333,500.83264004389076,7.48299319727892
2022-09-01,2022,9,Uttar Pradesh,Electric 2W,8500,3,September,2022-09,7900.0,7350.0,6900.0,7916.666666666667,575.1811308912467,7.594936708860756
2022-10-01,2022,10,Uttar Pradesh,Electric 2W,9600,4,October,2022-10,8500.0,7900.0,7350.0,8666.666666666666,862.1678104251711,12.941176470588234
2022-11-01,2022,11,Uttar Pradesh,Electric 2W,10350,4,November,2022-11,9600.0,8500.0,7900.0,9483.333333333334,930.5016568138574,7.8125
2022-12-01,2022,12,Uttar Pradesh,Electric 2W,11100,4,December,2022-12,10350.0,9600.0,8500.0,10350.0,750.0,7.246376811594213
2021-01-01,2021,1,Uttar Pradesh,Electric 3W,2500,1,January,2021-01,0.0,0.0,0.0,0.0,0.0,0.0
2021-02-01,2021,2,Uttar Pradesh,Electric 3W,2630,1,February,2021-02,2500.0,0.0,0.0,0.0,0.0,5.200000000000005
2021-03-01,2021,3,Uttar Pradesh,Electric 3W,2920,1,March,2021-03,2630.0,2500.0,0.0,2683.3333333333335,215.01937897160178,11.026615969581744
2021-04-01,2021,4,Uttar Pradesh,Electric 3W,2810,2,April,2021-04,2920.0,2630.0,2500.0,2786.6666666666665,146.40127503998485,-3.767123287671237
2021-05-01,2021,5,Uttar Pradesh,Electric 3W,3050,2,May,2021-05,2810.0,2920.0,2630.0,2926.6666666666665,120.13880860626728,8.540925266903908
2021-06-01,2021,6,Uttar Pradesh,Electric 3W,3300,2,June,2021-06,3050.0,2810.0,2920.0,3053.3333333333335,245.01700621249392,8.196721311475418
2021-07-01,2021,7,Uttar Pradesh,Electric 3W,3500,3,July,2021-07,3300.0,3050.0,2810.0,3283.3333333333335,225.46248764114452,6.060606060606055
2021-08-01,2021,8,Uttar Pradesh,Electric 3W,3710,3,August,2021-08,3500.0,3300.0,3050.0,3503.3333333333335,205.02032419575673,6.000000000000005
2021-09-01,2021,9,Uttar Pradesh,Electric 3W,3920,3,September,2021-09,3710.0,3500.0,3300.0,3710.0,209.9999999999996,5.660377358490565
2021-10-01,2021,10,Uttar Pradesh,Electric 3W,4400,4,October,2021-10,3920.0,3710.0,3500.0,4010.0,353.6947836765476,12.244897959183664
2021-11-01,2021,11,Uttar Pradesh,Electric 3W,4750,4,November,2021-11,4400.0,3920.0,3710.0,4356.666666666667,416.6933324800543,7.954545454545459
2021-12-01,2021,12,Uttar Pradesh,Electric 3W,5050,4,December,2021-12,4750.0,4400.0,3920.0,4733.333333333333,325.32035493238516,6.315789473684208
2022-01-01,2022,1,Uttar Pradesh,Electric 3W,4400,1,January,2022-01,5050.0,4750.0,4400.0,4733.333333333333,325.32035493238516,-12.871287128712872
2022-02-01,2022,2,Uttar Pradesh,Electric 3W,4620,1,February,2022-02,4400.0,5050.0,4750.0,4690.0,330.6055050963303,5.000000000000004
2022-03-01,2022,3,Uttar Pradesh,Electric 3W,5200,1,March,2022-03,4620.0,4400.0,5050.0,4740.0,413.2795663954361,12.554112554112562
2022-04-01,2022,4,Uttar Pradesh,Electric 3W,5000,2,April,2022-04,5200.0,4620.0,4400.0,4940.0,294.6183972531242,-3.8461538461538436
2022-05-01,2022,5,Uttar Pradesh,Electric 3W,5450,2,May,2022-05,5000.0,5200.0,4620.0,5216.666666666667,225.46248764114395,9.000000000000007
2022-06-01,2022,6,Uttar Pradesh,Electric 3W,5920,2,June,2022-06,5450.0,5000.0,5200.0,5456.666666666667,460.0362304572683,8.62385321100918
2022-07-01,2022,7,Uttar Pradesh,Electric 3W,6300,3,July,2022-07,5920.0,5450.0,5000.0,5890.0,425.7933771208747,6.4189189189189255
2022-08-01,2022,8,Uttar Pradesh,Electric 3W,6750,3,August,2022-08,6300.0,5920.0,5450.0,6323.333333333333,415.49167661137676,7.14285714285714
2022-09-01,2022,9,Uttar Pradesh,Electric 3W,7250,3,September,2022-09,6750.0,6300.0,5920.0,6766.666666666667,475.21924764610793,7.407407407407418
2022-10-01,2022,10,Uttar Pradesh,Electric 3W,8100,4,October,2022-10,7250.0,6750.0,6300.0,7366.666666666667,682.5198409814418,11.724137931034484
2022-11-01,2022,11,Uttar Pradesh,Electric 3W,8750,4,November,2022-11,8100.0,7250.0,6750.0,8033.333333333333,752.2189397597833,8.024691358024683
2022-12-01,2022,12,Uttar Pradesh,Electric 3W,9320,4,December,2022-12,8750.0,8100.0,7250.0,8723.333333333334,610.43700193659,6.514285714285717
2021-01-01,2021,1,Uttar Pradesh,Electric 4W,500,1,January,2021-01,0.0,0.0,0.0,0.0,0.0,0.0
2021-02-01,2021,2,Uttar Pradesh,Electric 4W,540,1,February,2021-02,500.0,0.0,0.0,0.0,0.0,8.000000000000007
2021-03-01,2021,3,Uttar Pradesh,Electric 4W,610,1,March,2021-03,540.0,500.0,0.0,550.0,55.67764362830022,12.962962962962955
2021-04-01,2021,4,Uttar Pradesh,Electric 4W,590,2,April,2021-04,610.0,540.0,500.0,580.0,36.05551275463989,-3.2786885245901676
2021-05-01,2021,5,Uttar Pradesh,Electric 4W,660,2,May,2021-05,590.0,610.0,540.0,620.0,36.05551275463989,11.864406779661007
2021-06-01,2021,6,Uttar Pradesh,Electric 4W,720,2,June,2021-06,660.0,590.0,610.0,656.6666666666666,65.06407098647713,9.090909090909083
2021-07-01,2021,7,Uttar Pradesh,Electric 4W,790,3,July,2021-07,720.0,660.0,590.0,723.3333333333334,65.06407098647713,9.722222222222232
2021-08-01,2021,8,Uttar Pradesh,Electric 4W,850,3,August,2021-08,790.0,720.0,660.0,786.6666666666666,65.06407098647713,7.594936708860756
2021-09-01,2021,9,Uttar Pradesh,Electric 4W,930,3,September,2021-09,850.0,790.0,720.0,856.6666666666666,70.23769168568496,9.411764705882364
2021-10-01,2021,10,Uttar Pradesh,Electric 4W,1060,4,October,2021-10,930.0,850.0,790.0,946.6666666666666,105.98742063723101,13.978494623655923
2021-11-01,2021,11,Uttar Pradesh,Electric 4W,1180,4,November,2021-11,1060.0,930.0,850.0,1056.6666666666667,125.0333288900737,11.32075471698113
2021-12-01,2021,12,Uttar Pradesh,Electric 4W,1260,4,December,2021-12,1180.0,1060.0,930.0,1166.6666666666667,100.6644591369433,6.779661016949157
2022-01-01,2022,1,Uttar Pradesh,Electric 4W,1060,1,January,2022-01,1260.0,1180.0,1060.0,1166.6666666666667,100.6644591369433,-15.873015873015872
2022-02-01,2022,2,Uttar Pradesh,Electric 4W,1140,1,February,2022-02,1060.0,1260.0,1180.0,1153.3333333333333,100.6644591369433,7.547169811320753
2022-03-01,2022,3,Uttar Pradesh,Electric 4W,1320,1,March,2022-03,1140.0,1060.0,1260.0,1173.3333333333333,133.16656236958784,15.789473684210531
2022-04-01,2022,4,Uttar Pradesh,Electric 4W,1260,2,April,2022-04,1320.0,1140.0,1060.0,1240.0,91.65151389911681,-4.545454545454541
2022-05-01,2022,5,Uttar Pradesh,Electric 4W,1420,2,May,2022-05,1260.0,1320.0,1140.0,1333.3333333333333,80.82903768654765,12.698412698412698
2022-06-01,2022,6,Uttar Pradesh,Electric 4W,1550,2,June,2022-06,1420.0,1260.0,1320.0,1410.0,145.25839046333954,9.154929577464799
2022-07-01,2022,7,Uttar Pradesh,Electric 4W,1680,3,July,2022-07,1550.0,1420.0,1260.0,1550.0,130.00000000000003,8.387096774193559
2022-08-01,2022,8,Uttar Pradesh,Electric 4W,1840,3,August,2022-08,1680.0,1550.0,1420.0,1690.0,145.25839046333954,9.523809523809534
2022-09-01,2022,9,Uttar Pradesh,Electric 4W,2020,3,September,2022-09,1840.0,1680.0,1550.0,1846.6666666666667,170.09801096230765,9.782608695652172
2022-10-01,2022,10,Uttar Pradesh,Electric 4W,2300,4,October,2022-10,2020.0,1840.0,1680.0,2053.3333333333335,231.80451534284938,13.861386138613852
2022-11-01,2022,11,Uttar Pradesh,Electric 4W,2520,4,November,2022-11,2300.0,2020.0,1840.0,2280.0,250.5992817228332,9.565217391304337
2022-12-01,2022,12,Uttar Pradesh,Electric 4W,2700,4,December,2022-12,2520.0,2300.0,2020.0,2506.6666666666665,200.33305601755615,7.14285714285714
